{
  "target_variable": "pm2_5",
  "best_model": "dnn",
  "rf_metrics": {
    "mae": 2.326487641962296,
    "rmse": 3.3458818940820394,
    "r2": 0.9492854677319584,
    "mape": 7.899994462134782
  },
  "ridge_metrics": {
    "mae": 2.5743658542633057,
    "rmse": 3.43035626411438,
    "r2": 0.946692338849749,
    "mape": 8.652415871620178
  },
  "dnn_metrics": {
    "mae": 2.5791778564453125,
    "rmse": 3.3109099864959717,
    "r2": 0.9503400853426726,
    "mape": 9.42617580294609
  }
}