{
  "target_variable": "pm2_5",
  "best_model": "ridge",
  "rf_metrics": {
    "mae": 1.400300463319716,
    "rmse": 2.2818950174126473,
    "r2": 0.993430566377397,
    "mape": 2.9431733844342287
  },
  "ridge_metrics": {
    "mae": 1.74415922164917,
    "rmse": 2.270057201385498,
    "r2": 0.9934985496999439,
    "mape": 3.9885133504867554
  },
  "dnn_metrics": {
    "mae": 5.594707012176514,
    "rmse": 6.934281349182129,
    "r2": 0.939334822141079,
    "mape": 15.673449635505676
  }
}